robert.gerace.crcsecure.com.cainari.info@cainari.info,qwerty123,employer
robert.gerace.crcsecure.com.cainari.info@cainari.info,qwerty123,employer
careers.pulsesecure.net.cainari.info@cainari.info,qwerty123,employer
tmorita.pulsesecure.net.cainari.info@cainari.info,qwerty123,team_member
apopovici.pulsesecure.net.cainari.info@cainari.info,qwerty123,team_member
vwei.pulsesecure.net.cainari.info@cainari.info,qwerty123,team_member
jkey.pulsesecure.net.cainari.info@cainari.info,qwerty123,team_member
jnoha.pulsesecure.net.cainari.info@cainari.info,qwerty123,team_member
apetrovsky.pulsesecure.net.cainari.info@cainari.info,qwerty123,team_member
dtan.pulsesecure.net.cainari.info@cainari.info,qwerty123,team_member
jasoni.pulsesecure.net.cainari.info@cainari.info,qwerty123,team_member
hkataoka.pulsesecure.net.cainari.info@cainari.info,qwerty123,team_member
jmitchell.pulsesecure.net.cainari.info@cainari.info,qwerty123,team_member
efromberg.pulsesecure.net.cainari.info@cainari.info,qwerty123,team_member
croeckl.pulsesecure.net.cainari.info@cainari.info,qwerty123,team_member
rlian.pulsesecure.net.cainari.info@cainari.info,qwerty123,team_member
ghampton.pulsesecure.net.cainari.info@cainari.info,qwerty123,team_member
hrdept.ptbcservices.com.cainari.info@cainari.info,qwerty123,employer
dmcknew.bigminnow.com.cainari.info@cainari.info,qwerty123,jobseeker
raghavendrasm.pulsesecure.net.cainari.info@cainari.info,qwerty123,team_member
devendrar.pulsesecure.net.cainari.info@cainari.info,qwerty123,team_member
sgoyal.pulsesecure.net.cainari.info@cainari.info,qwerty123,team_member
shitalp.pulsesecure.net.cainari.info@cainari.info,qwerty123,team_member
lagarwal.pulsesecure.net.cainari.info@cainari.info,qwerty123,team_member
anchaljain.pulsesecure.net.cainari.info@cainari.info,qwerty123,team_member
krchitra.pulsesecure.net.cainari.info@cainari.info,qwerty123,team_member
phari.pulsesecure.net.cainari.info@cainari.info,qwerty123,team_member
akanoon.pulsesecure.net.cainari.info@cainari.info,qwerty123,team_member
mmazzara.pulsesecure.net.cainari.info@cainari.info,qwerty123,team_member
jgonzales.pulsesecure.net.cainari.info@cainari.info,qwerty123,team_member
rcarter.pulsesecure.net.cainari.info@cainari.info,qwerty123,team_member
mgavel.pulsesecure.net.cainari.info@cainari.info,qwerty123,team_member
sloke.pulsesecure.net.cainari.info@cainari.info,qwerty123,team_member
mgehrisch.pulsesecure.net.cainari.info@cainari.info,qwerty123,team_member
recruiting.9lenses.com.cainari.info@cainari.info,test1,employer
k.sandeep.axiustek.com.cainari.info@cainari.info,qwerty123,employer
edwin.miller.9lenses.com.cainari.info@cainari.info,qwerty123,team_member
tim.snyder.9lenses.com.cainari.info@cainari.info,qwerty123,team_member
gina.smith.9lenses.com.cainari.info@cainari.info,qwerty123,team_member
edwin.miller.9lenses.com.cainari.info@cainari.info,qwerty123,team_member
tim.snyder.9lenses.com.cainari.info@cainari.info,qwerty123,team_member
gina.smith.9lenses.com.cainari.info@cainari.info,qwerty123,team_member
amy.watson.9lenses.com.cainari.info@cainari.info,qwerty123,team_member
schow.astreya.com.cainari.info@cainari.info,qwerty123,employer
jfreeland.astreya.com.cainari.info@cainari.info,qwerty123,jobseeker
glai.astreya.com.cainari.info@cainari.info,qwerty123,jobseeker
mgraham.astreya.com.cainari.info@cainari.info,qwerty123,jobseeker
cnguyen.astreya.com.cainari.info@cainari.info,qwerty123,team_member
rbettencourt.astreya.com.cainari.info@cainari.info,qwerty123,team_member
cborns.astreya.com.cainari.info@cainari.info,qwerty123,team_member
jmchale.astreya.com.cainari.info@cainari.info,qwerty123,team_member
jhinke.astreya.com.cainari.info@cainari.info,qwerty123,team_member
afarrell.astreya.com.cainari.info@cainari.info,qwerty123,team_member
cbattias.astreya.com.cainari.info@cainari.info,qwerty123,team_member
pnelson.astreya.com.cainari.info@cainari.info,qwerty123,team_member
dbradshaw.astreya.com.cainari.info@cainari.info,qwerty123,team_member
rvannice.astreya.com.cainari.info@cainari.info,qwerty123,team_member
steeters.astreya.com.cainari.info@cainari.info,qwerty123,team_member
agarg.astreya.com.cainari.info@cainari.info,qwerty123,team_member
fcalvino.corp.astreya.com.cainari.info@cainari.info,qwerty123,team_member
finciarte.corp.astreya.com.cainari.info@cainari.info,qwerty123,team_member
abossi.corp.astreya.com.cainari.info@cainari.info,qwerty123,team_member
cbarlis.astreya.com.cainari.info@cainari.info,qwerty123,team_member
kgawat.astreya.com.cainari.info@cainari.info,qwerty123,team_member
bland.astreya.com.cainari.info@cainari.info,qwerty123,team_member
bdubos.astreya.com.cainari.info@cainari.info,qwerty123,team_member
slee.astreya.com.cainari.info@cainari.info,qwerty123,team_member
afarrell.astreya.com.cainari.info@cainari.info,qwerty123,team_member
cbattias.astreya.com.cainari.info@cainari.info,qwerty123,team_member
pnelson.astreya.com.cainari.info@cainari.info,qwerty123,team_member
dbradshaw.astreya.com.cainari.info@cainari.info,qwerty123,team_member
rvannice.astreya.com.cainari.info@cainari.info,qwerty123,team_member
steeters.astreya.com.cainari.info@cainari.info,qwerty123,team_member
fcalvino.corp.astreya.com.cainari.info@cainari.info,qwerty123,team_member
finciarte.corp.astreya.com.cainari.info@cainari.info,qwerty123,team_member
abossi.corp.astreya.com.cainari.info@cainari.info,qwerty123,team_member
cbarlis.astreya.com.cainari.info@cainari.info,qwerty123,team_member
kgawat.astreya.com.cainari.info@cainari.info,qwerty123,team_member
bland.astreya.com.cainari.info@cainari.info,qwerty123,team_member
bdubos.astreya.com.cainari.info@cainari.info,qwerty123,team_member
slee.astreya.com.cainari.info@cainari.info,qwerty123,team_member
