tmorita.pulsesecure.net@cainari.info;qwerty123;team_member
apopovici.pulsesecure.net@cainari.info;qwerty123;team_member
apetrovsky.pulsesecure.net@cainari.info;qwerty123;team_member
dtan.pulsesecure.net@cainari.info;qwerty123;team_member
hkataoka.pulsesecure.net@cainari.info;qwerty123;team_member
ghampton.pulsesecure.net@cainari.info;qwerty123;team_member
raghavendrasm.pulsesecure.net@cainari.info;qwerty123;team_member
shitalp.pulsesecure.net@cainari.info;qwerty123;team_member
lagarwal.pulsesecure.net@cainari.info;qwerty123;team_member
infussion.yandex.com@cainari.info;qwerty123;team_member
pnoone.astreya.com@cainari.info;qwerty123;team_member
john.daut.9lenses.com@cainari.info;qwerty123;team_member
tim.snyder.9lenses.com@cainari.info;qwerty123;team_member
cborns.astreya.com@cainari.info;qwerty123;team_member
amy.watson.9lenses.com@cainari.info;qwerty123;team_member
pnelson.astreya.com@cainari.info;qwerty123;team_member
dbradshaw.astreya.com@cainari.info;qwerty123;team_member
agarg.astreya.com@cainari.info;qwerty123;team_member
finciarte.corp.astreya.com@cainari.info;qwerty123;team_member
kgawat.astreya.com@cainari.info;qwerty123;team_member
bland.astreya.com@cainari.info;qwerty123;team_member
bdubos.astreya.com@cainari.info;qwerty123;team_member
rcarter.pulsesecure.net@cainari.info;qwerty123;team_member
mgavel.pulsesecure.net@cainari.info;qwerty123;team_member
sloke.pulsesecure.net@cainari.info;qwerty123;team_member
jeff.mutimer.9lenses.com@cainari.info;qwerty123;team_member
dallas.mcclain.9lenses.com@cainari.info;qwerty123;team_member
steve.shaffer.9lenses.com@cainari.info;qwerty123;team_member
msacoolas.pulsesecure.net@cainari.info;qwerty123;team_member
